{
  "AR-AB": {
    "brier": {
      "mean": 5.43992096807458e-05,
      "sd": 0.00010073575930529094,
      "lo": -2.981799265473228e-05,
      "hi": 0.0001386164120162239,
      "n": 8
    },
    "log_loss": {
      "mean": 0.000320903515604869,
      "sd": 0.0005563260197227164,
      "lo": -0.00014419667613030525,
      "hi": 0.0007860037073400433,
      "n": 8
    },
    "ece": {
      "mean": 3.74535776067747e-05,
      "sd": 3.14320108581675e-05,
      "lo": 1.1175758920454421e-05,
      "hi": 6.373139629309498e-05,
      "n": 8
    }
  },
  "AR-HB": {
    "brier": {
      "mean": 1.8947555878239638e-05,
      "sd": 2.615273734056412e-05,
      "lo": -2.9166796963585368e-06,
      "hi": 4.081179145283781e-05,
      "n": 8
    },
    "log_loss": {
      "mean": 3.457361661812773e-05,
      "sd": 4.581596090215444e-05,
      "lo": -3.729485240642241e-06,
      "hi": 7.28767184768977e-05,
      "n": 8
    },
    "ece": {
      "mean": 2.4152105500179077e-05,
      "sd": 3.1432971035054455e-05,
      "lo": -2.126515914107164e-06,
      "hi": 5.043072691446532e-05,
      "n": 8
    }
  },
  "HR-AB": {
    "brier": {
      "mean": 0.00010615545162234845,
      "sd": 0.00022569069656570316,
      "lo": -8.25266925237622e-05,
      "hi": 0.0002948375957684591,
      "n": 8
    },
    "log_loss": {
      "mean": 0.000396464636536907,
      "sd": 0.0007169005551151173,
      "lo": -0.0002028792262672849,
      "hi": 0.000995808499341099,
      "n": 8
    },
    "ece": {
      "mean": 6.797599421566855e-05,
      "sd": 0.00010436128421503525,
      "lo": -1.9272222796245457e-05,
      "hi": 0.00015522421122758255,
      "n": 8
    }
  },
  "HR-HB": {
    "brier": {
      "mean": 4.994651129479628e-05,
      "sd": 9.257520182727434e-05,
      "lo": -2.7448294256898116e-05,
      "hi": 0.00012734131684649067,
      "n": 8
    },
    "log_loss": {
      "mean": 0.00010652781513077507,
      "sd": 0.0001944250304991954,
      "lo": -5.6015578055046956e-05,
      "hi": 0.0002690712083165971,
      "n": 8
    },
    "ece": {
      "mean": 2.624306557626188e-05,
      "sd": 4.478828565569919e-05,
      "lo": -1.120087827583053e-05,
      "hi": 6.36870094283543e-05,
      "n": 8
    }
  }
}