{
  "AR-AB": {
    "central": {
      "mf1": {
        "mean": 0.9999703688387955,
        "sd": 5.48702585103769e-05,
        "lo": 0.9999244961547056,
        "hi": 1.0000162415228855,
        "n": 8
      },
      "acc": {
        "mean": 0.9999727999859296,
        "sd": 5.036949092270145e-05,
        "lo": 0.9999306900377064,
        "hi": 1.0000149099341529,
        "n": 8
      }
    },
    "local": {
      "mf1": {
        "mean": 0.9999703688387955,
        "sd": 5.48702585103769e-05,
        "lo": 0.9999244961547056,
        "hi": 1.0000162415228855,
        "n": 8
      },
      "acc": {
        "mean": 0.9999727999859296,
        "sd": 5.036949092270145e-05,
        "lo": 0.9999306900377064,
        "hi": 1.0000149099341529,
        "n": 8
      }
    },
    "ens_size": {
      "mf1": {
        "mean": 0.9999703688387955,
        "sd": 5.48702585103769e-05,
        "lo": 0.9999244961547056,
        "hi": 1.0000162415228855,
        "n": 8
      },
      "acc": {
        "mean": 0.9999727999859296,
        "sd": 5.036949092270145e-05,
        "lo": 0.9999306900377064,
        "hi": 1.0000149099341529,
        "n": 8
      }
    },
    "ens_uniform": {
      "mf1": {
        "mean": 0.9999703688387955,
        "sd": 5.48702585103769e-05,
        "lo": 0.9999244961547056,
        "hi": 1.0000162415228855,
        "n": 8
      },
      "acc": {
        "mean": 0.9999727999859296,
        "sd": 5.036949092270145e-05,
        "lo": 0.9999306900377064,
        "hi": 1.0000149099341529,
        "n": 8
      }
    },
    "fedavg": {
      "mf1": {
        "mean": 0.9823093161324883,
        "sd": 0.0008492442885763,
        "lo": 0.9815993301396639,
        "hi": 0.9830193021253126,
        "n": 8
      },
      "acc": {
        "mean": 0.9838925250208942,
        "sd": 0.0007782308597139,
        "lo": 0.9832419077403155,
        "hi": 0.9845431423014729,
        "n": 8
      }
    },
    "fedprox": {
      "mf1": {
        "mean": 0.9827125268525454,
        "sd": 0.0009153713806093461,
        "lo": 0.9819472572272949,
        "hi": 0.9834777964777959,
        "n": 8
      },
      "acc": {
        "mean": 0.9842651555317496,
        "sd": 0.0008380488368705495,
        "lo": 0.9835645291707784,
        "hi": 0.9849657818927209,
        "n": 8
      }
    },
    "convergence": {
      "fedavg": [
        0.9799887165580254,
        0.98164348396688,
        0.9825356938927116,
        0.9826937455820921,
        0.982871296809999,
        0.9830890738431342,
        0.9832213291117131,
        0.9832230789460372,
        0.9832804211571533,
        0.9832959185903049,
        0.9831621098490404,
        0.9829488691087943,
        0.9825656880743585,
        0.9824850860113679,
        0.9823093161324883
      ],
      "fedprox": [
        0.9796327389480637,
        0.981522221603966,
        0.9824183689968483,
        0.9825775641662156,
        0.9827834830450374,
        0.9828547188360073,
        0.9831039883892653,
        0.9831933707882423,
        0.9832966618062796,
        0.9833702284133766,
        0.9833112281366845,
        0.983307811810305,
        0.9830555636496912,
        0.9829349465269985,
        0.9827125268525454
      ]
    },
    "paired_ens_vs_fedavg": {
      "mean_diff": 0.017661052706307273,
      "lo": 0.01696059616811128,
      "hi": 0.018361509244503266,
      "cohen_dz": 21.079123050953,
      "p_wilcoxon": 0.0078125,
      "n": 8
    }
  },
  "AR-HB": {
    "central": {
      "mf1": {
        "mean": 1.0,
        "sd": 0.0,
        "lo": 1.0,
        "hi": 1.0,
        "n": 8
      },
      "acc": {
        "mean": 1.0,
        "sd": 0.0,
        "lo": 1.0,
        "hi": 1.0,
        "n": 8
      }
    },
    "local": {
      "mf1": {
        "mean": 0.9995155023312388,
        "sd": 0.00038988875183059894,
        "lo": 0.9991895471776003,
        "hi": 0.9998414574848772,
        "n": 8
      },
      "acc": {
        "mean": 0.9996374156099008,
        "sd": 0.0002876217341867603,
        "lo": 0.9993969578226053,
        "hi": 0.9998778733971964,
        "n": 8
      }
    },
    "ens_size": {
      "mf1": {
        "mean": 0.9997440921812963,
        "sd": 0.0004507889289165714,
        "lo": 0.999367223205483,
        "hi": 1.0001209611571096,
        "n": 8
      },
      "acc": {
        "mean": 0.9998114315633242,
        "sd": 0.0003310441384443487,
        "lo": 0.9995346717376018,
        "hi": 1.0000881913890465,
        "n": 8
      }
    },
    "ens_uniform": {
      "mf1": {
        "mean": 0.9997255334541537,
        "sd": 0.00044171311160030283,
        "lo": 0.9993562520514977,
        "hi": 1.0000948148568096,
        "n": 8
      },
      "acc": {
        "mean": 0.9997976589762815,
        "sd": 0.0003243015925431146,
        "lo": 0.9995265360599976,
        "hi": 1.0000687818925653,
        "n": 8
      }
    },
    "fedavg": {
      "mf1": {
        "mean": 0.9587878435354968,
        "sd": 0.0011159578536677113,
        "lo": 0.9578548794221736,
        "hi": 0.9597208076488201,
        "n": 8
      },
      "acc": {
        "mean": 0.9681821838608843,
        "sd": 0.0009461564513994785,
        "lo": 0.9673911772723794,
        "hi": 0.9689731904493891,
        "n": 8
      }
    },
    "fedprox": {
      "mf1": {
        "mean": 0.9577187536070977,
        "sd": 0.0009600886756109692,
        "lo": 0.9569160993876672,
        "hi": 0.9585214078265282,
        "n": 8
      },
      "acc": {
        "mean": 0.9673649837298524,
        "sd": 0.0008294715954882977,
        "lo": 0.9666715281221265,
        "hi": 0.9680584393375782,
        "n": 8
      }
    },
    "convergence": {
      "fedavg": [
        0.9342339441140362,
        0.9453599025927746,
        0.9503125140534787,
        0.9526350395867115,
        0.9534516386000945,
        0.9542078043787583,
        0.9549867104915694,
        0.9552781285593919,
        0.9556209575856223,
        0.9561631853310893,
        0.9565222187948692,
        0.9572095265337023,
        0.957534652988806,
        0.9582388649624908,
        0.9587878435354967
      ],
      "fedprox": [
        0.9334710386209053,
        0.9434288573498126,
        0.9491827437002801,
        0.9516933289503534,
        0.9526700790002285,
        0.9534879121205403,
        0.9544207028198813,
        0.9549584023832627,
        0.9552463444966257,
        0.9556532466255817,
        0.9558821888529454,
        0.9563346433569283,
        0.9567219975228032,
        0.9572290639382217,
        0.9577187536070977
      ]
    },
    "paired_ens_vs_fedavg": {
      "mean_diff": 0.04095624864579944,
      "lo": 0.039955631930120916,
      "hi": 0.04195686536147797,
      "cohen_dz": 34.21917723624897,
      "p_wilcoxon": 0.0078125,
      "n": 8
    }
  },
  "HR-AB": {
    "central": {
      "mf1": {
        "mean": 0.9999452399940905,
        "sd": 0.00011725486539575477,
        "lo": 0.9998472124734568,
        "hi": 1.0000432675147242,
        "n": 8
      },
      "acc": {
        "mean": 0.999945378366232,
        "sd": 0.0001169674345046033,
        "lo": 0.9998475911438368,
        "hi": 1.0000431655886273,
        "n": 8
      }
    },
    "local": {
      "mf1": {
        "mean": 0.9999402822015644,
        "sd": 7.245717177163105e-05,
        "lo": 0.9998797064900412,
        "hi": 1.0000008579130877,
        "n": 8
      },
      "acc": {
        "mean": 0.9999404402364362,
        "sd": 7.227446630094947e-05,
        "lo": 0.999880017270509,
        "hi": 1.0000008632023634,
        "n": 8
      }
    },
    "ens_size": {
      "mf1": {
        "mean": 0.9999726741312195,
        "sd": 5.059819800478158e-05,
        "lo": 0.9999303729790907,
        "hi": 1.0000149752833483,
        "n": 8
      },
      "acc": {
        "mean": 0.9999727456349786,
        "sd": 5.046585524229587e-05,
        "lo": 0.9999305551241682,
        "hi": 1.000014936145789,
        "n": 8
      }
    },