{
  "k_sweep": {
    "2": {
      "ensemble": {
        "mean": 1.0,
        "sd": 0.0,
        "lo": 1.0,
        "hi": 1.0,
        "n": 5
      },
      "fedavg": {
        "mean": 0.9754114350216584,
        "sd": 0.001238371331305913,
        "lo": 0.9738737939231682,
        "hi": 0.9769490761201486,
        "n": 5
      },
      "local": {
        "mean": 1.0,
        "sd": 0.0,
        "lo": 1.0,
        "hi": 1.0,
        "n": 5
      },
      "divergence": {
        "mean": 0.0001695537464580434,
        "sd": 0.0002209197259465341,
        "lo": -0.00010475432374280994,
        "hi": 0.00044386181665889674,
        "n": 5
      }
    },
    "5": {
      "ensemble": {
        "mean": 1.0,
        "sd": 0.0,
        "lo": 1.0,
        "hi": 1.0,
        "n": 5
      },
      "fedavg": {
        "mean": 0.9693716510503659,
        "sd": 0.002647008912022055,
        "lo": 0.9660849553813836,
        "hi": 0.9726583467193483,
        "n": 5
      },
      "local": {
        "mean": 0.9998715290018991,
        "sd": 0.000274512851497454,
        "lo": 0.9995306762771505,
        "hi": 1.0002123817266477,
        "n": 5
      },
      "divergence": {
        "mean": 0.0005291132466085407,
        "sd": 0.00021420767221920915,
        "lo": 0.00026313929187491607,
        "hi": 0.0007950872013421653,
        "n": 5
      }
    },
    "10": {
      "ensemble": {
        "mean": 0.9999463727747531,
        "sd": 7.343222367398085e-05,
        "lo": 0.999855194626309,
        "hi": 1.0000375509231971,
        "n": 5
      },
      "fedavg": {
        "mean": 0.9653962052973084,
        "sd": 0.0006866792921383745,
        "lo": 0.9645435803419481,
        "hi": 0.9662488302526687,
        "n": 5
      },
      "local": {
        "mean": 0.9995918270524543,
        "sd": 0.00015860939562604593,
        "lo": 0.9993948874761286,
        "hi": 0.99978876662878,
        "n": 5
      },
      "divergence": {
        "mean": 0.0012517518441805986,
        "sd": 0.0006470637087358507,
        "lo": 0.0004483161324990863,
        "hi": 0.002055187555862111,
        "n": 5
      }
    },
    "20": {
      "ensemble": {
        "mean": 1.0,
        "sd": 0.0,
        "lo": 1.0,
        "hi": 1.0,
        "n": 5
      },
      "fedavg": {
        "mean": 0.9638843704054183,
        "sd": 0.0006654520628629593,
        "lo": 0.963058102536431,
        "hi": 0.9647106382744056,
        "n": 5
      },
      "local": {
        "mean": 0.9991708742093559,
        "sd": 0.0001921332192453012,
        "lo": 0.99893230930816,
        "hi": 0.9994094391105518,
        "n": 5
      },
      "divergence": {
        "mean": 0.0029087610017878205,
        "sd": 0.0018694351863156869,
        "lo": 0.0005875506339642861,
        "hi": 0.005229971369611355,
        "n": 5
      }
    }
  },
  "noniid_sweep": {
    "0.1": {
      "ensemble": {
        "mean": 0.999301692717224,
        "sd": 0.0015614625534703052,
        "lo": 0.9973628808800367,
        "hi": 1.0012405045544115,
        "n": 5
      },
      "fedavg": {
        "mean": 0.9713296581549817,
        "sd": 0.003634994557123426,
        "lo": 0.9668162162797349,
        "hi": 0.9758431000302286,
        "n": 5
      },
      "local": {
        "mean": 0.9237570808074006,
        "sd": 0.06965575569956453,
        "lo": 0.8372680366875747,
        "hi": 1.0102461249272265,
        "n": 5
      },
      "divergence": {
        "mean": 0.0587025209394544,
        "sd": 0.021420434331809398,
        "lo": 0.03210553880375877,
        "hi": 0.08529950307515002,
        "n": 5
      }
    },
    "0.5": {
      "ensemble": {
        "mean": 1.0,
        "sd": 0.0,
        "lo": 1.0,
        "hi": 1.0,
        "n": 5
      },
      "fedavg": {
        "mean": 0.969853307253042,
        "sd": 0.0032184344070738794,
        "lo": 0.9658570931191981,
        "hi": 0.9738495213868859,
        "n": 5
      },
      "local": {
        "mean": 0.9434494041763897,
        "sd": 0.11267538187112619,
        "lo": 0.8035444390231512,
        "hi": 1.0833543693296281,
        "n": 5
      },
      "divergence": {
        "mean": 0.03805885581051275,
        "sd": 0.029237111910732208,
        "lo": 0.0017561865395021026,
        "hi": 0.0743615250815234,
        "n": 5
      }
    },
    "2.0": {
      "ensemble": {
        "mean": 1.0,
        "sd": 0.0,
        "lo": 1.0,
        "hi": 1.0,
        "n": 5
      },
      "fedavg": {
        "mean": 0.9705114806781335,
        "sd": 0.0029742474758332675,
        "lo": 0.9668184646656429,
        "hi": 0.9742044966906241,
        "n": 5
      },
      "local": {
        "mean": 0.9891355271937632,
        "sd": 0.024020532840257104,
        "lo": 0.9593100963483447,
        "hi": 1.0189609580391816,
        "n": 5
      },
      "divergence": {
        "mean": 0.01200058703696638,
        "sd": 0.011297866374054662,
        "lo": -0.0020275668962141963,
        "hi": 0.026028740970146957,
        "n": 5
      }
    },
    "100.0": {
      "ensemble": {
        "mean": 1.0,
        "sd": 0.0,
        "lo": 1.0,
        "hi": 1.0,
        "n": 5
      },
      "fedavg": {
        "mean": 0.9693716510503659,
        "sd": 0.002647008912022055,
        "lo": 0.9660849553813836,
        "hi": 0.9726583467193483,
        "n": 5
      },
      "local": {
        "mean": 0.9998715290018991,
        "sd": 0.000274512851497454,
        "lo": 0.9995306762771505,
        "hi": 1.0002123817266477,
        "n": 5
      },
      "divergence": {
        "mean": 0.0005291132466085407,
        "sd": 0.00021420767221920915,
        "lo": 0.00026313929187491607,
        "hi": 0.0007950872013421653,
        "n": 5
      }
    }
  },
  "imbalance_sweep": {
    "1.0": {
      "ensemble": {
        "mean": 1.0,
        "sd": 0.0,
        "lo": 1.0,
        "hi": 1.0,
        "n": 5
      },
      "fedavg": {
        "mean": 0.9693716510503659,
        "sd": 0.002647008912022055,
        "lo": 0.9660849553813836,
        "hi": 0.9726583467193483,
        "n": 5
      },
      "local": {
        "mean": 0.9998715290018991,
        "sd": 0.000274512851497454,
        "lo": 0.9995306762771505,
        "hi": 1.0002123817266477,
        "n": 5
      },
      "divergence": {
        "mean": 0.0005291132466085407,
        "sd": 0.00021420767221920915,
        "lo": 0.00026313929187491607,
        "hi": 0.0007950872013421653,
        "n": 5
      }
    },
    "5.0": {
      "ensemble": {
        "mean": 1.0,
        "sd": 0.0,
        "lo": 1.0,
        "hi": 1.0,
        "n": 5
      },
      "fedavg": {
        "mean": 0.9723396189787845,
        "sd": 0.001980818155683404,
        "lo": 0.9698801083878841,
        "hi": 0.974799129569685,
        "n": 5
      },
      "local": {
        "mean": 0.9998840173389313,
        "sd": 0.00011347290008466982,
        "lo": 0.9997431221241244,
        "hi": 1.0000249125537382,
        "n": 5
      },
      "divergence": {
        "mean": 0.0008436744958778685,
        "sd": 0.0005744061972699323,
        "lo": 0.0001304550003826643,
        "hi": 0.0015568939913730728,
        "n": 5
      }
    },
    "20.0": {
      "ensemble": {
        "mean": 1.0,
        "sd": 0.0,
        "lo": 1.0,
        "hi": 1.0,
        "n": 5
      },
      "fedavg": {
        "mean": 0.973785401956577,
        "sd": 0.0019343969457396586,
        "lo": 0.9713835309108168,
        "hi": 0.9761872730023373,
        "n": 5
      },
      "local": {
        "mean": 0.9998031960271053,
        "sd": 0.0001557885806229741,
        "lo": 0.9996097589552145,
        "hi": 0.9999966330989961,
        "n": 5
      },
      "divergence": {
        "mean": 0.001630311896605741,
        "sd": 0.0010434046894499955,
        "lo": 0.00033475385815870265,
        "hi": 0.0029258699350527793,
        "n": 5
      }
    }
  }
}