{
  "AR-AB": {
    "full_features": {
      "mean": 0.9999703688387955,
      "sd": 5.48702585103769e-05,
      "lo": 0.9999244961547056,
      "hi": 1.0000162415228855,
      "n": 8
    },
    "restricted_features": {
      "mean": 0.9999703688387955,
      "sd": 5.48702585103769e-05,
      "lo": 0.9999244961547056,
      "hi": 1.0000162415228855,
      "n": 8
    }
  },
  "AR-HB": {
    "full_features": {
      "mean": 1.0,
      "sd": 0.0,
      "lo": 1.0,
      "hi": 1.0,
      "n": 8
    },
    "restricted_features": {
      "mean": 0.9999445364588252,
      "sd": 7.656266888196554e-05,
      "lo": 0.9998805284658241,
      "hi": 1.0000085444518263,
      "n": 8
    }
  },
  "HR-AB": {
    "full_features": {
      "mean": 0.9999452399940905,
      "sd": 0.00011725486539575477,
      "lo": 0.9998472124734568,
      "hi": 1.0000432675147242,
      "n": 8
    },
    "restricted_features": {
      "mean": 0.9999326441611472,
      "sd": 7.910711401829212e-05,
      "lo": 0.9998665089587782,
      "hi": 0.9999987793635163,
      "n": 8
    }
  },
  "HR-HB": {
    "full_features": {
      "mean": 0.9999666910178955,
      "sd": 6.174562120687029e-05,
      "lo": 0.9999150703867475,
      "hi": 1.0000183116490435,
      "n": 8
    },
    "restricted_features": {
      "mean": 0.999982660616385,
      "sd": 4.904318294318031e-05,
      "lo": 0.9999416594893812,
      "hi": 1.0000236617433889,
      "n": 8
    }
  }
}