{
  "AR-AB": {
    "central": {
      "r2": {
        "mean": 0.9318196536871267,
        "sd": 0.004002309273713244,
        "lo": 0.9284736393994698,
        "hi": 0.9351656679747836,
        "n": 8
      },
      "rmse": {
        "mean": 0.30730945279290706,
        "sd": 0.004884506068501691,
        "lo": 0.30322590352781237,
        "hi": 0.31139300205800174,
        "n": 8
      }
    },
    "ensemble": {
      "r2": {
        "mean": 0.9294377907885343,
        "sd": 0.002955802349692136,
        "lo": 0.9269666781839894,
        "hi": 0.9319089033930792,
        "n": 8
      },
      "rmse": {
        "mean": 0.3128322791884993,
        "sd": 0.00941471208042997,
        "lo": 0.3049613829181399,
        "hi": 0.32070317545885874,
        "n": 8
      }
    }
  },
  "AR-HB": {
    "central": {
      "r2": {
        "mean": 0.9366354604451153,
        "sd": 0.006567948734798465,
        "lo": 0.9311445178906324,
        "hi": 0.9421264029995982,
        "n": 8
      },
      "rmse": {
        "mean": 0.2610797588236938,
        "sd": 0.003376111595224604,
        "lo": 0.25825725889632933,
        "hi": 0.2639022587510582,
        "n": 8
      }
    },
    "ensemble": {
      "r2": {
        "mean": 0.9340773352662732,
        "sd": 0.005843438750905788,
        "lo": 0.9291920982162543,
        "hi": 0.9389625723162922,
        "n": 8
      },
      "rmse": {
        "mean": 0.2665019996942327,
        "sd": 0.006360197852723031,
        "lo": 0.2611847412236519,
        "hi": 0.27181925816481356,
        "n": 8
      }
    }
  },
  "HR-AB": {
    "central": {
      "r2": {
        "mean": 0.9846543193851296,
        "sd": 0.0009410591698618815,
        "lo": 0.9838675742306335,
        "hi": 0.9854410645396257,
        "n": 8
      },
      "rmse": {
        "mean": 0.26920354352345105,
        "sd": 0.004432973043128373,
        "lo": 0.2654974853143752,
        "hi": 0.2729096017325269,
        "n": 8
      }
    },
    "ensemble": {
      "r2": {
        "mean": 0.9838622114470962,
        "sd": 0.001236014305673591,
        "lo": 0.9828288776281194,
        "hi": 0.9848955452660729,
        "n": 8
      },
      "rmse": {
        "mean": 0.27600286645014155,
        "sd": 0.007808973118739261,
        "lo": 0.2694744015464315,
        "hi": 0.2825313313538516,
        "n": 8
      }
    }
  },
  "HR-HB": {
    "central": {
      "r2": {
        "mean": 0.9847692469556577,
        "sd": 0.0005883862985772484,
        "lo": 0.9842773437000468,
        "hi": 0.9852611502112686,
        "n": 8
      },
      "rmse": {
        "mean": 0.26973029492646333,
        "sd": 0.004937190785819634,
        "lo": 0.2656027001354407,
        "hi": 0.273857889717486,
        "n": 8
      }
    },
    "ensemble": {
      "r2": {
        "mean": 0.9837706196976792,
        "sd": 0.000436205996323376,
        "lo": 0.9834059423586126,
        "hi": 0.9841352970367458,
        "n": 8
      },
      "rmse": {
        "mean": 0.2784853194025806,
        "sd": 0.005544916286504793,
        "lo": 0.27384965337837724,
        "hi": 0.28312098542678393,
        "n": 8
      }
    }
  }
}