{
  "classification": {
    "Age": 1.0245348898128426,
    "Time Since\nLast Screening": 1.248039302741728,
    "Time Since\nLast SP": 1.0334016824057486
  },
  "regression": {
    "b2": 0.6173354476529521,
    "age": 0.30104182565676485,
    "time_since_last_screening": 0.05210231326258962,
    "wp_tot": 0.03646171787911793,
    "action t-1": 0.026959814477948756,
    "b1": 0.018132583323854642
  }
}